Workbook

Sheet Inputs
A1: U.S. Pharmaceutical Exporter — FX Transaction Hedge Model
A3: Student | B3: Justin Toyama
A4: Scenario | B4: 2 — U.S. Pharmaceutical Exporter
A5: Exposure | B5: EUR receivable
A6: FC Amount | B6: 8000000
A7: Spot S0_in (USD/EUR) | B7: 1.089
A8: Forward F0_in (USD/EUR) | B8: TBD
A9: USD interest rate | B9: TBD
A10: EUR interest rate | B10: TBD
A11: Settlement days | B11: TBD
A12: Day-count basis | B12: 365
A13: Put strike K_PUT | B13: TBD
A14: Put premium | B14: TBD
A16: Status | B16: INCOMPLETE — required market inputs are TBD

Sheet Summary
A1: Strategy Summary
A3: Metric | B3: No Hedge | C3: Forward | D3: Money Market | E3: EUR Put
A4: Base-case USD proceeds | B4: =Inputs!B6*Inputs!B7 | C4: =IF(ISNUMBER(Inputs!B8),Inputs!B6*Inputs!B8,NA()) | D4: =IF(AND(ISNUMBER(Inputs!B9),ISNUMBER(Inputs!B10),ISNUMBER(Inputs!B11)),(Inputs!B6/(1+Inputs!B10*Inputs!B11/Inputs!B12))*Inputs!B7*(1+Inputs!B9*Inputs!B11/Inputs!B12),NA()) | E4: =IF(AND(ISNUMBER(Inputs!B13),ISNUMBER(Inputs!B14),ISNUMBER(Inputs!B9),ISNUMBER(Inputs!B11)),MAX(Inputs!B7,Inputs!B13)*Inputs!B6-Inputs!B14*Inputs!B6*(1+Inputs!B9*Inputs!B11/Inputs!B12),NA())
A6: Audit status | B6: =IF(COUNT(C4:E4)=3,"PASS — all strategy calculations populated","BLOCKED — missing market inputs")

Sheet Sensitivity
A1: Settlement Spot Sensitivity
A3: S_T | B3: No Hedge | C3: Forward | D3: Money Market | E3: EUR Put | F3: Best Active Hedge
A4: 0.98 | B4: =A4*Inputs!B6 | C4: =IF(ISNUMBER(Inputs!B8),Inputs!B6*Inputs!B8,NA()) | D4: =IF(AND(ISNUMBER(Inputs!B9),ISNUMBER(Inputs!B10),ISNUMBER(Inputs!B11)),(Inputs!B6/(1+Inputs!B10*Inputs!B11/Inputs!B12))*Inputs!B7*(1+Inputs!B9*Inputs!B11/Inputs!B12),NA()) | E4: =IF(AND(ISNUMBER(Inputs!B13),ISNUMBER(Inputs!B14),ISNUMBER(Inputs!B9),ISNUMBER(Inputs!B11)),MAX(A4,Inputs!B13)*Inputs!B6-Inputs!B14*Inputs!B6*(1+Inputs!B9*Inputs!B11/Inputs!B12),NA()) | F4: =IF(COUNT(C4:E4)=0,"NO VALID HEDGE",INDEX(C$3:E$3,MATCH(MAX(C4:E4),C4:E4,0)))
A5: 0.991 | B5: =A5*Inputs!B6 | C5: =IF(ISNUMBER(Inputs!B8),Inputs!B6*Inputs!B8,NA()) | D5: =IF(AND(ISNUMBER(Inputs!B9),ISNUMBER(Inputs!B10),ISNUMBER(Inputs!B11)),(Inputs!B6/(1+Inputs!B10*Inputs!B11/Inputs!B12))*Inputs!B7*(1+Inputs!B9*Inputs!B11/Inputs!B12),NA()) | E5: =IF(AND(ISNUMBER(Inputs!B13),ISNUMBER(Inputs!B14),ISNUMBER(Inputs!B9),ISNUMBER(Inputs!B11)),MAX(A5,Inputs!B13)*Inputs!B6-Inputs!B14*Inputs!B6*(1+Inputs!B9*Inputs!B11/Inputs!B12),NA()) | F5: =IF(COUNT(C5:E5)=0,"NO VALID HEDGE",INDEX(C$3:E$3,MATCH(MAX(C5:E5),C5:E5,0)))
A6: 1.002 | B6: =A6*Inputs!B6 | C6: =IF(ISNUMBER(Inputs!B8),Inputs!B6*Inputs!B8,NA()) | D6: =IF(AND(ISNUMBER(Inputs!B9),ISNUMBER(Inputs!B10),ISNUMBER(Inputs!B11)),(Inputs!B6/(1+Inputs!B10*Inputs!B11/Inputs!B12))*Inputs!B7*(1+Inputs!B9*Inputs!B11/Inputs!B12),NA()) | E6: =IF(AND(ISNUMBER(Inputs!B13),ISNUMBER(Inputs!B14),ISNUMBER(Inputs!B9),ISNUMBER(Inputs!B11)),MAX(A6,Inputs!B13)*Inputs!B6-Inputs!B14*Inputs!B6*(1+Inputs!B9*Inputs!B11/Inputs!B12),NA()) | F6: =IF(COUNT(C6:E6)=0,"NO VALID HEDGE",INDEX(C$3:E$3,MATCH(MAX(C6:E6),C6:E6,0)))
A7: 1.013 | B7: =A7*Inputs!B6 | C7: =IF(ISNUMBER(Inputs!B8),Inputs!B6*Inputs!B8,NA()) | D7: =IF(AND(ISNUMBER(Inputs!B9),ISNUMBER(Inputs!B10),ISNUMBER(Inputs!B11)),(Inputs!B6/(1+Inputs!B10*Inputs!B11/Inputs!B12))*Inputs!B7*(1+Inputs!B9*Inputs!B11/Inputs!B12),NA()) | E7: =IF(AND(ISNUMBER(Inputs!B13),ISNUMBER(Inputs!B14),ISNUMBER(Inputs!B9),ISNUMBER(Inputs!B11)),MAX(A7,Inputs!B13)*Inputs!B6-Inputs!B14*Inputs!B6*(1+Inputs!B9*Inputs!B11/Inputs!B12),NA()) | F7: =IF(COUNT(C7:E7)=0,"NO VALID HEDGE",INDEX(C$3:E$3,MATCH(MAX(C7:E7),C7:E7,0)))
A8: 1.024 | B8: =A8*Inputs!B6 | C8: =IF(ISNUMBER(Inputs!B8),Inputs!B6*Inputs!B8,NA()) | D8: =IF(AND(ISNUMBER(Inputs!B9),ISNUMBER(Inputs!B10),ISNUMBER(Inputs!B11)),(Inputs!B6/(1+Inputs!B10*Inputs!B11/Inputs!B12))*Inputs!B7*(1+Inputs!B9*Inputs!B11/Inputs!B12),NA()) | E8: =IF(AND(ISNUMBER(Inputs!B13),ISNUMBER(Inputs!B14),ISNUMBER(Inputs!B9),ISNUMBER(Inputs!B11)),MAX(A8,Inputs!B13)*Inputs!B6-Inputs!B14*Inputs!B6*(1+Inputs!B9*Inputs!B11/Inputs!B12),NA()) | F8: =IF(COUNT(C8:E8)=0,"NO VALID HEDGE",INDEX(C$3:E$3,MATCH(MAX(C8:E8),C8:E8,0)))
A9: 1.035 | B9: =A9*Inputs!B6 | C9: =IF(ISNUMBER(Inputs!B8),Inputs!B6*Inputs!B8,NA()) | D9: =IF(AND(ISNUMBER(Inputs!B9),ISNUMBER(Inputs!B10),ISNUMBER(Inputs!B11)),(Inputs!B6/(1+Inputs!B10*Inputs!B11/Inputs!B12))*Inputs!B7*(1+Inputs!B9*Inputs!B11/Inputs!B12),NA()) | E9: =IF(AND(ISNUMBER(Inputs!B13),ISNUMBER(Inputs!B14),ISNUMBER(Inputs!B9),ISNUMBER(Inputs!B11)),MAX(A9,Inputs!B13)*Inputs!B6-Inputs!B14*Inputs!B6*(1+Inputs!B9*Inputs!B11/Inputs!B12),NA()) | F9: =IF(COUNT(C9:E9)=0,"NO VALID HEDGE",INDEX(C$3:E$3,MATCH(MAX(C9:E9),C9:E9,0)))
A10: 1.046 | B10: =A10*Inputs!B6 | C10: =IF(ISNUMBER(Inputs!B8),Inputs!B6*Inputs!B8,NA()) | D10: =IF(AND(ISNUMBER(Inputs!B9),ISNUMBER(Inputs!B10),ISNUMBER(Inputs!B11)),(Inputs!B6/(1+Inputs!B10*Inputs!B11/Inputs!B12))*Inputs!B7*(1+Inputs!B9*Inputs!B11/Inputs!B12),NA()) | E10: =IF(AND(ISNUMBER(Inputs!B13),ISNUMBER(Inputs!B14),ISNUMBER(Inputs!B9),ISNUMBER(Inputs!B11)),MAX(A10,Inputs!B13)*Inputs!B6-Inputs!B14*Inputs!B6*(1+Inputs!B9*Inputs!B11/Inputs!B12),NA()) | F10: =IF(COUNT(C10:E10)=0,"NO VALID HEDGE",INDEX(C$3:E$3,MATCH(MAX(C10:E10),C10:E10,0)))
A11: 1.057 | B11: =A11*Inputs!B6 | C11: =IF(ISNUMBER(Inputs!B8),Inputs!B6*Inputs!B8,NA()) | D11: =IF(AND(ISNUMBER(Inputs!B9),ISNUMBER(Inputs!B10),ISNUMBER(Inputs!B11)),(Inputs!B6/(1+Inputs!B10*Inputs!B11/Inputs!B12))*Inputs!B7*(1+Inputs!B9*Inputs!B11/Inputs!B12),NA()) | E11: =IF(AND(ISNUMBER(Inputs!B13),ISNUMBER(Inputs!B14),ISNUMBER(Inputs!B9),ISNUMBER(Inputs!B11)),MAX(A11,Inputs!B13)*Inputs!B6-Inputs!B14*Inputs!B6*(1+Inputs!B9*Inputs!B11/Inputs!B12),NA()) | F11: =IF(COUNT(C11:E11)=0,"NO VALID HEDGE",INDEX(C$3:E$3,MATCH(MAX(C11:E11),C11:E11,0)))
A12: 1.068 | B12: =A12*Inputs!B6 | C12: =IF(ISNUMBER(Inputs!B8),Inputs!B6*Inputs!B8,NA()) | D12: =IF(AND(ISNUMBER(Inputs!B9),ISNUMBER(Inputs!B10),ISNUMBER(Inputs!B11)),(Inputs!B6/(1+Inputs!B10*Inputs!B11/Inputs!B12))*Inputs!B7*(1+Inputs!B9*Inputs!B11/Inputs!B12),NA()) | E12: =IF(AND(ISNUMBER(Inputs!B13),ISNUMBER(Inputs!B14),ISNUMBER(Inputs!B9),ISNUMBER(Inputs!B11)),MAX(A12,Inputs!B13)*Inputs!B6-Inputs!B14*Inputs!B6*(1+Inputs!B9*Inputs!B11/Inputs!B12),NA()) | F12: =IF(COUNT(C12:E12)=0,"NO VALID HEDGE",INDEX(C$3:E$3,MATCH(MAX(C12:E12),C12:E12,0)))
A13: 1.079 | B13: =A13*Inputs!B6 | C13: =IF(ISNUMBER(Inputs!B8),Inputs!B6*Inputs!B8,NA()) | D13: =IF(AND(ISNUMBER(Inputs!B9),ISNUMBER(Inputs!B10),ISNUMBER(Inputs!B11)),(Inputs!B6/(1+Inputs!B10*Inputs!B11/Inputs!B12))*Inputs!B7*(1+Inputs!B9*Inputs!B11/Inputs!B12),NA()) | E13: =IF(AND(ISNUMBER(Inputs!B13),ISNUMBER(Inputs!B14),ISNUMBER(Inputs!B9),ISNUMBER(Inputs!B11)),MAX(A13,Inputs!B13)*Inputs!B6-Inputs!B14*Inputs!B6*(1+Inputs!B9*Inputs!B11/Inputs!B12),NA()) | F13: =IF(COUNT(C13:E13)=0,"NO VALID HEDGE",INDEX(C$3:E$3,MATCH(MAX(C13:E13),C13:E13,0)))
A14: 1.089 | B14: =A14*Inputs!B6 | C14: =IF(ISNUMBER(Inputs!B8),Inputs!B6*Inputs!B8,NA()) | D14: =IF(AND(ISNUMBER(Inputs!B9),ISNUMBER(Inputs!B10),ISNUMBER(Inputs!B11)),(Inputs!B6/(1+Inputs!B10*Inputs!B11/Inputs!B12))*Inputs!B7*(1+Inputs!B9*Inputs!B11/Inputs!B12),NA()) | E14: =IF(AND(ISNUMBER(Inputs!B13),ISNUMBER(Inputs!B14),ISNUMBER(Inputs!B9),ISNUMBER(Inputs!B11)),MAX(A14,Inputs!B13)*Inputs!B6-Inputs!B14*Inputs!B6*(1+Inputs!B9*Inputs!B11/Inputs!B12),NA()) | F14: =IF(COUNT(C14:E14)=0,"NO VALID HEDGE",INDEX(C$3:E$3,MATCH(MAX(C14:E14),C14:E14,0)))
A15: 1.099 | B15: =A15*Inputs!B6 | C15: =IF(ISNUMBER(Inputs!B8),Inputs!B6*Inputs!B8,NA()) | D15: =IF(AND(ISNUMBER(Inputs!B9),ISNUMBER(Inputs!B10),ISNUMBER(Inputs!B11)),(Inputs!B6/(1+Inputs!B10*Inputs!B11/Inputs!B12))*Inputs!B7*(1+Inputs!B9*Inputs!B11/Inputs!B12),NA()) | E15: =IF(AND(ISNUMBER(Inputs!B13),ISNUMBER(Inputs!B14),ISNUMBER(Inputs!B9),ISNUMBER(Inputs!B11)),MAX(A15,Inputs!B13)*Inputs!B6-Inputs!B14*Inputs!B6*(1+Inputs!B9*Inputs!B11/Inputs!B12),NA()) | F15: =IF(COUNT(C15:E15)=0,"NO VALID HEDGE",INDEX(C$3:E$3,MATCH(MAX(C15:E15),C15:E15,0)))
A16: 1.111 | B16: =A16*Inputs!B6 | C16: =IF(ISNUMBER(Inputs!B8),Inputs!B6*Inputs!B8,NA()) | D16: =IF(AND(ISNUMBER(Inputs!B9),ISNUMBER(Inputs!B10),ISNUMBER(Inputs!B11)),(Inputs!B6/(1+Inputs!B10*Inputs!B11/Inputs!B12))*Inputs!B7*(1+Inputs!B9*Inputs!B11/Inputs!B12),NA()) | E16: =IF(AND(ISNUMBER(Inputs!B13),ISNUMBER(Inputs!B14),ISNUMBER(Inputs!B9),ISNUMBER(Inputs!B11)),MAX(A16,Inputs!B13)*Inputs!B6-Inputs!B14*Inputs!B6*(1+Inputs!B9*Inputs!B11/Inputs!B12),NA()) | F16: =IF(COUNT(C16:E16)=0,"NO VALID HEDGE",INDEX(C$3:E$3,MATCH(MAX(C16:E16),C16:E16,0)))
A17: 1.122 | B17: =A17*Inputs!B6 | C17: =IF(ISNUMBER(Inputs!B8),Inputs!B6*Inputs!B8,NA()) | D17: =IF(AND(ISNUMBER(Inputs!B9),ISNUMBER(Inputs!B10),ISNUMBER(Inputs!B11)),(Inputs!B6/(1+Inputs!B10*Inputs!B11/Inputs!B12))*Inputs!B7*(1+Inputs!B9*Inputs!B11/Inputs!B12),NA()) | E17: =IF(AND(ISNUMBER(Inputs!B13),ISNUMBER(Inputs!B14),ISNUMBER(Inputs!B9),ISNUMBER(Inputs!B11)),MAX(A17,Inputs!B13)*Inputs!B6-Inputs!B14*Inputs!B6*(1+Inputs!B9*Inputs!B11/Inputs!B12),NA()) | F17: =IF(COUNT(C17:E17)=0,"NO VALID HEDGE",INDEX(C$3:E$3,MATCH(MAX(C17:E17),C17:E17,0)))
A18: 1.133 | B18: =A18*Inputs!B6 | C18: =IF(ISNUMBER(Inputs!B8),Inputs!B6*Inputs!B8,NA()) | D18: =IF(AND(ISNUMBER(Inputs!B9),ISNUMBER(Inputs!B10),ISNUMBER(Inputs!B11)),(Inputs!B6/(1+Inputs!B10*Inputs!B11/Inputs!B12))*Inputs!B7*(1+Inputs!B9*Inputs!B11/Inputs!B12),NA()) | E18: =IF(AND(ISNUMBER(Inputs!B13),ISNUMBER(Inputs!B14),ISNUMBER(Inputs!B9),ISNUMBER(Inputs!B11)),MAX(A18,Inputs!B13)*Inputs!B6-Inputs!B14*Inputs!B6*(1+Inputs!B9*Inputs!B11/Inputs!B12),NA()) | F18: =IF(COUNT(C18:E18)=0,"NO VALID HEDGE",INDEX(C$3:E$3,MATCH(MAX(C18:E18),C18:E18,0)))
A19: 1.144 | B19: =A19*Inputs!B6 | C19: =IF(ISNUMBER(Inputs!B8),Inputs!B6*Inputs!B8,NA()) | D19: =IF(AND(ISNUMBER(Inputs!B9),ISNUMBER(Inputs!B10),ISNUMBER(Inputs!B11)),(Inputs!B6/(1+Inputs!B10*Inputs!B11/Inputs!B12))*Inputs!B7*(1+Inputs!B9*Inputs!B11/Inputs!B12),NA()) | E19: =IF(AND(ISNUMBER(Inputs!B13),ISNUMBER(Inputs!B14),ISNUMBER(Inputs!B9),ISNUMBER(Inputs!B11)),MAX(A19,Inputs!B13)*Inputs!B6-Inputs!B14*Inputs!B6*(1+Inputs!B9*Inputs!B11/Inputs!B12),NA()) | F19: =IF(COUNT(C19:E19)=0,"NO VALID HEDGE",INDEX(C$3:E$3,MATCH(MAX(C19:E19),C19:E19,0)))
A20: 1.155 | B20: =A20*Inputs!B6 | C20: =IF(ISNUMBER(Inputs!B8),Inputs!B6*Inputs!B8,NA()) | D20: =IF(AND(ISNUMBER(Inputs!B9),ISNUMBER(Inputs!B10),ISNUMBER(Inputs!B11)),(Inputs!B6/(1+Inputs!B10*Inputs!B11/Inputs!B12))*Inputs!B7*(1+Inputs!B9*Inputs!B11/Inputs!B12),NA()) | E20: =IF(AND(ISNUMBER(Inputs!B13),ISNUMBER(Inputs!B14),ISNUMBER(Inputs!B9),ISNUMBER(Inputs!B11)),MAX(A20,Inputs!B13)*Inputs!B6-Inputs!B14*Inputs!B6*(1+Inputs!B9*Inputs!B11/Inputs!B12),NA()) | F20: =IF(COUNT(C20:E20)=0,"NO VALID HEDGE",INDEX(C$3:E$3,MATCH(MAX(C20:E20),C20:E20,0)))
A21: 1.166 | B21: =A21*Inputs!B6 | C21: =IF(ISNUMBER(Inputs!B8),Inputs!B6*Inputs!B8,NA()) | D21: =IF(AND(ISNUMBER(Inputs!B9),ISNUMBER(Inputs!B10),ISNUMBER(Inputs!B11)),(Inputs!B6/(1+Inputs!B10*Inputs!B11/Inputs!B12))*Inputs!B7*(1+Inputs!B9*Inputs!B11/Inputs!B12),NA()) | E21: =IF(AND(ISNUMBER(Inputs!B13),ISNUMBER(Inputs!B14),ISNUMBER(Inputs!B9),ISNUMBER(Inputs!B11)),MAX(A21,Inputs!B13)*Inputs!B6-Inputs!B14*Inputs!B6*(1+Inputs!B9*Inputs!B11/Inputs!B12),NA()) | F21: =IF(COUNT(C21:E21)=0,"NO VALID HEDGE",INDEX(C$3:E$3,MATCH(MAX(C21:E21),C21:E21,0)))
A22: 1.177 | B22: =A22*Inputs!B6 | C22: =IF(ISNUMBER(Inputs!B8),Inputs!B6*Inputs!B8,NA()) | D22: =IF(AND(ISNUMBER(Inputs!B9),ISNUMBER(Inputs!B10),ISNUMBER(Inputs!B11)),(Inputs!B6/(1+Inputs!B10*Inputs!B11/Inputs!B12))*Inputs!B7*(1+Inputs!B9*Inputs!B11/Inputs!B12),NA()) | E22: =IF(AND(ISNUMBER(Inputs!B13),ISNUMBER(Inputs!B14),ISNUMBER(Inputs!B9),ISNUMBER(Inputs!B11)),MAX(A22,Inputs!B13)*Inputs!B6-Inputs!B14*Inputs!B6*(1+Inputs!B9*Inputs!B11/Inputs!B12),NA()) | F22: =IF(COUNT(C22:E22)=0,"NO VALID HEDGE",INDEX(C$3:E$3,MATCH(MAX(C22:E22),C22:E22,0)))
A23: 1.188 | B23: =A23*Inputs!B6 | C23: =IF(ISNUMBER(Inputs!B8),Inputs!B6*Inputs!B8,NA()) | D23: =IF(AND(ISNUMBER(Inputs!B9),ISNUMBER(Inputs!B10),ISNUMBER(Inputs!B11)),(Inputs!B6/(1+Inputs!B10*Inputs!B11/Inputs!B12))*Inputs!B7*(1+Inputs!B9*Inputs!B11/Inputs!B12),NA()) | E23: =IF(AND(ISNUMBER(Inputs!B13),ISNUMBER(Inputs!B14),ISNUMBER(Inputs!B9),ISNUMBER(Inputs!B11)),MAX(A23,Inputs!B13)*Inputs!B6-Inputs!B14*Inputs!B6*(1+Inputs!B9*Inputs!B11/Inputs!B12),NA()) | F23: =IF(COUNT(C23:E23)=0,"NO VALID HEDGE",INDEX(C$3:E$3,MATCH(MAX(C23:E23),C23:E23,0)))
A24: 1.198 | B24: =A24*Inputs!B6 | C24: =IF(ISNUMBER(Inputs!B8),Inputs!B6*Inputs!B8,NA()) | D24: =IF(AND(ISNUMBER(Inputs!B9),ISNUMBER(Inputs!B10),ISNUMBER(Inputs!B11)),(Inputs!B6/(1+Inputs!B10*Inputs!B11/Inputs!B12))*Inputs!B7*(1+Inputs!B9*Inputs!B11/Inputs!B12),NA()) | E24: =IF(AND(ISNUMBER(Inputs!B13),ISNUMBER(Inputs!B14),ISNUMBER(Inputs!B9),ISNUMBER(Inputs!B11)),MAX(A24,Inputs!B13)*Inputs!B6-Inputs!B14*Inputs!B6*(1+Inputs!B9*Inputs!B11/Inputs!B12),NA()) | F24: =IF(COUNT(C24:E24)=0,"NO VALID HEDGE",INDEX(C$3:E$3,MATCH(MAX(C24:E24),C24:E24,0)))

Sheet Audit
A1: Stage 3 Audit — Specification → Workbook
A3: Test | B3: Expected | C3: Observed / Check | D3: Status
A4: Exposure amount | B4: 8,000,000 EUR | C4: Inputs!B6 = 8,000,000 | D4: PASS
A5: Spot quote | B5: 1.0890 USD/EUR | C5: Inputs!B7 = 1.0890 | D5: PASS
A6: Current USD value | B6: $8,712,000 | C6: Inputs!B6*Inputs!B7 | D6: PASS
A7: Forward calculation | B7: FC_AMT × F0_in | C7: Formula present; blocked until F0_in supplied | D7: BLOCKED
A8: Money-market calculation | B8: PV EUR → spot → USD invest | C8: Formula present; blocked until rates/tenor supplied | D8: BLOCKED
A9: Put calculation | B9: MAX(S_T,K)×FC − FV premium | C9: Formula present; blocked until strike/premium/rate/tenor supplied | D9: BLOCKED
A10: Sensitivity | B10: 21 deterministic spot points | C10: 21 rows from 0.9800 to 1.1980 | D10: PASS
A11: Winner logic | B11: Highest USD proceeds among active hedges | C11: Formula present; blocked when inputs missing | D11: BLOCKED
A12: No fabricated market data | B12: TBD inputs remain TBD | C12: No invented forward/rate/premium values | D12: PASS
A13: Auditability | B13: Separate audit sheet | C13: Audit sheet included | D13: PASS

Sheet README
A1: Stage 3 Build & Audit Notes
A3: Purpose: Working workbook generated from Justin Toyama's Phase 2 FX hedging technical specification.
A4: Scenario: U.S. pharmaceutical exporter with EUR 8,000,000 receivable and 1.0890 USD/EUR inception spot.
A5: Strategies: No hedge, forward, money-market hedge, and EUR put option.
A6: Audit principle: Missing market inputs are explicitly blocked rather than invented.
A7: Required before final recommendation: forward rate, USD rate, EUR rate, settlement tenor, put strike, and put premium.
A8: Stage 3 skill demonstrated: specification-driven workbook structure plus explicit validation/audit tests.
A9: Known limitation: formulas are Excel-compatible but cannot calculate complete hedge outcomes until TBD inputs are populated.
